Item #,Description,Type,Price,Core Deposit
681-4,A/C CHANGEOVER (CONVERT),Car,$194.99,$0.00
684,A/C CLUTCH,Car,$47.99,$3.99
682-1,A/C COMPRESSOR (ALL),Car,$60.99,$9.99
679,A/C CONDENSER,Car,$49.99,$4.99
681-3,A/C DRYER,Car,$15.99,$1.99
681-2,A/C DUCT,Car,$11.49,$0.00
680,A/C EVAPORATOR,Car,$42.99,$4.99
683-1,A/C HOSE,Car,$25.99,$0.00
681-1,A/C SUITCASE HOUSING,Car,$36.99,$0.00
400-6,ACUATOR (4X4),Car,$26.99,$0.00
332-1A,AFTERMKT EXHST OR PIPE,Car,$23.99,$0.00
253,AIR BAG (EACH),Car,$73.99,$0.00
319-1,AIR CLEANER,Car,$32.99,$0.00
319-3,AIR CLEANER FILTER,Car,$6.49,$0.00
319-2,AIR CLEANER TOP,Car,$21.99,$0.00
522,AIR COMPRESSOR(AIR SUSP'N),Car,$59.99,$4.99
601,ALTERNATOR,Car,$37.99,$9.99
639,AMPLIFIER / EQ - AUDIO,Car,$61.99,$0.00
645-1,ANTENNA,Car,$9.49,$0.00
706,ANTIFREEZE,Car,$6.49,$0.00
799,ANY HATS,Car,$9.49,$0.00
200-1,ASH TRAY,Car,$9.99,$0.00
490-1,AXLE C.V.,Car,$40.99,$1.99
490-3,AXLE C.V. COMPL W/HUB/SPIN,Car,$100.99,$4.99
434-1,AXLE FT ASSY 4X4 PU,Pick-Up/Van,$390.99,$29.99
447-1,AXLE SHAFT (SOLID TYPE),Car,$56.99,$3.99
447-2,AXLE SHAFT - 4x4,Pick-Up/Van,$58.99,$3.99
476P,AXLE TRUCK STRT (BARE) P/U,Pick-Up/Van,$82.99,$4.99
506-2,BALL JOINT,Car,$6.49,$0.00
600-2,BATTERY (REFRESHED),Car,$62.99,$12.99
600-1,BATTERY (USED),Car,$41.99,$12.99
600-3,BATTERY BOX,Car,$17.99,$0.00
600-4,BATTERY CABLE,Car,$9.49,$0.00
600-5,BATTERY HYBRID/ELECTRICAL,Car,$538.99,$29.99
580-1,BEAUTY RING,Car,$5.99,$0.00
155-2A,BED LINER,Pick-Up/Van,$59.99,$0.00
408,BELL HOUSING,Car,$61.99,$3.99
342-1A,BRACKETS,Car,$15.99,$0.00
545-1,BRAKE ABS CONTROLLER,Car,$106.99,$4.99
543,BRAKE BACKING PLATE,Car,$21.99,$0.99
536,BRAKE CALIPER,Car,$29.99,$3.99
533-1,BRAKE DRUM W/HUB,Car,$30.99,$1.99
533-2,BRAKE DRUM W/O HUB,Car,$27.99,$1.99
534-1,BRAKE EMERGENCY CABLE,Car,$25.99,$0.00
534-2,BRAKE EMERGENCY CBL+PED/HND,Car,$36.99,$0.00
166-3,BRAKE LIGHT(3RD HI MOUNT),Car,$25.99,$0.00
534-3,BRAKE LINE OR HOSE,Car,$9.99,$0.00
541-2,BRAKE MASTER CYL &BOOSTER,Car,$61.99,$3.99
541-1,BRAKE MASTER CYL OR BOOSTER,Car,$31.99,$3.99
535-1,BRAKE PROPORTIONING VALVE,Car,$21.99,$0.00
530-1,BRAKE ROTOR W/HUB,Car,$28.99,$3.99
530-2,BRAKE ROTOR W/O HUB,Car,$25.99,$3.99
542,BRAKE SHOE OR PAD (EACH),Car,$3.89,$0.00
528-1,BRAKE SPRING/HARDWARE(EA),Car,$6.49,$0.00
528-2,BRAKE WHEEL CYLINDER,Car,$8.99,$0.99
148-2C,BRUSH GUARD,Car,$49.99,$0.00
148-4,BUG SHIELD - HOOD,Car,$18.99,$0.00
114-7,BULB-(MISC TYPES) EACH,Car,$1.39,$0.00
114-8,BULB-HEADLT (SEALED BEAM),Car,$6.49,$0.00
114-9,BULB-HEADLT COMPST TYPE,Car,$8.99,$0.00
108,BUMPER ABSORBER,Car,$12.99,$0.00
106-3,BUMPER BRACKET,Car,$9.99,$0.00
105-1,BUMPER COMP,Car,$82.99,$4.99
190,BUMPER COVER (PLAST/RUBR),Car,$72.99,$4.99
106-2,BUMPER END/VALANCE,Car,$19.99,$0.00
106-1,BUMPER GUARD,Car,$18.99,$0.00
107,BUMPER REINFRCMT-ALL TYPE,Car,$37.99,$3.99
506-7,BUSHING,Car,$6.49,$0.00
155-3A,CAMPER/CANOPY SHELL,Car,$139.99,$0.00
305-1,CAMSHAFT (BARE),Car,$40.99,$1.99
178,CAPS (OIL/GAS/WATER),Car,$6.49,$0.00
337,CARB FUEL INJ/THRTL BDY,Car,$69.99,$4.99
234-2,CARB THROTTLE CABLE/LINK,Car,$21.99,$0.00
320-1,CARBURETOR,Car,$73.99,$4.99
148-3P,CARGO NET,Pick-Up/Van,$14.99,$0.00
222,CARPET,Car,$18.99,$0.00
639-4,CD CASSETTE SLEEVE (EA),Car,$5.49,$0.00
639-2,CD CHANGER COMPLETE,Car,$63.99,$0.00
639-3,CD CHANGER MAGAZINE,Car,$18.99,$0.00
580-2,CENTER CAP,Car,$7.49,$0.00
200-2,CIGARETTE LIGHTER,Car,$6.49,$0.00
256,CLOCK/ SMALL GAUGES EACH,Car,$16.99,$0.00
406-1,CLUTCH CABLE,Car,$36.99,$0.00
406,CLUTCH COVER (PRESSR PLT),Car,$27.99,$0.99
410,CLUTCH DISC,Car,$27.99,$0.99
406-2,CLUTCH EQUALIZER ARM,Car,$32.99,$0.00
417,CLUTCH MASTER CYLINDER,Car,$30.99,$0.99
610-1,COIL IGNITION,Car,$16.99,$0.00
610-2,COIL IGNITION PACK(COMBO),Car,$47.99,$0.00
610-4,COIL OVER PLUG,Car,$14.99,$0.00
610-3,COIL W/IGNITOR COMB(SINGLE),Car,$37.99,$0.00
319-5,COLD AIR INTAKE,Car,$25.99,$0.00
590,COMPUTER BRAIN BOX,Car,$70.99,$4.99
241-1,CONSOLE,Car,$33.99,$0.00
241-2,CONSOLE COVER,Car,$9.99,$0.00
506-1,CONTROL ARM (EACH),Car,$43.99,$1.99
591,CONTROL MODULE,Car,$29.99,$4.99
109-1,CORE SUPPORT - UNBOLT,Car,$68.99,$0.00
109-2,CORE SUPPORT-RAD/INN ST,Car,$79.99,$0.00
303,CRANKSHAFT,Car,$82.99,$4.99
629-5,CRUISE CONTROL LEVER,Car,$11.99,$0.00
249,CUP HOLDER,Car,$8.99,$0.00
250,DASH ASSY COMPL(NO RADIO),Car,$106.99,$0.00
252,DASH PAD,Car,$46.99,$0.00
174,DECK LID HINGE (EACH),Car,$18.99,$0.00
181-4,DECK LID LATCH (ELECTRIC),Car,$29.99,$0.00
181-3,DECK LID LATCH ASSY (MAN),Car,$18.99,$0.00
170,DECK/TRUNK LID (NO GLASS),Car,$61.99,$8.99
301-1,DIPSTICK OR TUBE,Car,$8.99,$0.00
606-3,DISTRIBUTOR CAP,Car,$7.99,$0.00
606-5,DISTRIBUTOR MODULE,Car,$25.99,$0.00
606-1,DISTRIBUTOR ONLY,Car,$47.99,$4.99
200-3,DOME LIGHT (LENS ONLY),Car,$8.49,$0.00
200-4,DOME LIGHT ASSEMBLY,Car,$21.99,$0.00
225-1,DOOR ARM REST,Car,$14.99,$0.00
120,DOOR ASSY W/HINGES,Car,$99.99,$8.99
129-1,DOOR HANDLE (OUTSIDE),Car,$18.99,$0.00
124,DOOR HINGE,Car,$21.99,$0.00
181-6,DOOR LOCK ASSY W/O SOLEND,Car,$28.99,$0.99
181-7,DOOR LOCK ASSY W/SOLENOID,Car,$46.99,$0.99
181-8,DOOR LOCK CYLINDER,Car,$5.99,$0.00
113-2,DOOR RUBBER,Car,$8.99,$0.00
181-9,DOOR STRIKER,Car,$6.99,$0.00
225-2,DOOR TRIM PANEL,Car,$31.99,$0.00
121,DOOR/GATE MOTOR,Car,$46.99,$0.00
129-2,DOOR/WINDOW HANDLE INSIDE,Car,$12.99,$0.00
525-1,DRAG LINK (CENTER ROD),Car,$40.99,$0.99
431-3,DRIVE SHAFT CARRIER BEARING,Car,$29.99,$0.00
431-1,DRIVE SHAFT-1 PIECE,Car,$58.99,$3.99
431-2,DRIVE SHAFT-2 PIECE,Car,$80.99,$4.99
320-4,E.G.R. CARB SPACER,Car,$16.99,$0.00
317-1,E.G.R. VALVE,Car,$42.99,$0.00
317-3,EGR TREE,Car,$18.99,$0.00
551-3,Electric Power Assist w Motor,Car,$111.99,$9.99
633-2,ELECTRONIC IGNITION BOX,Car,$39.99,$2.99
134,EMBLEM,Car,$9.49,$0.00
300-4,ENGINE COMPLETE,Car,$399.99,$64.99
328-4,ENGINE COVER-INSIDE (VAN),Pick-Up/Van,$46.99,$0.00
300-4D,ENGINE DIESEL COMPLETE,Car,$549.99,$64.99
331-1,EXHAUST HEAT PIPE,Car,$21.99,$0.00
328-2,EXHAUST HEAT SHIELD,Car,$18.99,$0.00
332-1,EXHAUST OR TAILPIPE,Car,$21.99,$0.00
332-2,EXHAUST PIPE - Y PIPE,Car,$28.99,$0.00
331-2,EXHAUST SMOG TUBE,Car,$25.99,$0.00
326-2,FAN BELT (V TYPE),Car,$6.49,$0.00
326-3,FAN BELT(SERPENTINE TYPE),Car,$8.99,$0.00
325-2,FAN BLADE W/CLUTCH(COMBO),Car,$37.99,$0.99
325-1,FAN BLADE W/O CLUTCH,Car,$18.99,$0.00
326-1,FAN CLUTCH,Car,$25.99,$0.00
672-1,FAN ELEC ASSY W/FAN,Car,$48.99,$1.99
673,FAN SHROUD - ALL,Car,$29.99,$0.00
110-1,FENDER,Car,$74.99,$8.99
110-3,FENDER (INNER),Car,$27.99,$0.00
111,FENDER EXT/FLARE (FRT/RR),Car,$28.99,$0.00
110-2,FENDER SKIRT,Car,$48.99,$0.00
200-5,FLOOR MAT,Car,$6.49,$0.00
409-1,FLYWHEEL (ALL),Car,$45.99,$1.99
409-2,FLYWHEEL COVER,Car,$11.49,$0.00
141,FOG LAMPS EACH,Car,$16.99,$0.00
500-2,FRAME - FULL (BARE),Car,$444.99,$24.99
500-1,FRAME OR K-FRAME,Car,$133.99,$4.99
501,FRAME-SUB W/SUSP&STRNG COMP,Car,$270.99,$9.99
100,FRONT END ASSY,Car,$426.99,$39.99
319-4,FUEL FILTER,Car,$9.49,$0.00
370,FUEL INJECTION DISTRIBUTR,Car,$66.99,$4.99
370-5,FUEL INJECTION SPIDER TYP,Car,$91.99,$0.00
371-1,FUEL INJECTOR (EACH),Car,$9.99,$0.99
373-1,FUEL LINE,Car,$8.99,$0.00
323-5,FUEL PRESSURE REGULATOR,Car,$14.99,$0.00
323-2,FUEL PUMP (ELECTRIC),Car,$46.99,$1.99
323-1,FUEL PUMP (MECHANICAL),Car,$21.99,$0.99
177,FUEL TANK FILLER DOOR,Car,$15.99,$0.00
179,FUEL TANK FILLER NECK,Car,$21.99,$0.00
637-1,FUEL TANK SENDER,Car,$42.99,$0.00
637-2,FUEL TANK SENDER W/PUMP,Car,$54.99,$0.99
637-3,FUEL TANK SWITCH UNIT-DUAL,Car,$14.99,$0.00
197,FUEL TANK(MAY BE PUNCTRD),Car,$48.99,$5.99
646-1,FUSE BOX (BARE),Car,$29.99,$0.00
646-3,FUSE BOX COVER,Car,$12.99,$0.00
646-2,FUSE BOX WITH HARNESS,Car,$59.99,$0.99
234-3,GAS PEDAL W/MODULE,Car,$29.99,$0.00
180-1,GATE-PU/VAN,Pick-Up/Van,$77.99,$4.99
180-3,GATE-STN WAGON LOWER W/GL,Car,$73.99,$4.99
275-1,GLASS BACK (ONLY),Car,$58.99,$0.00
277,GLASS DOOR (BARE),Car,$46.99,$0.00
284-1,GLASS QUARTER (CAR),Car,$45.99,$0.00
284-2,GLASS QUARTER (SW/VA/SUV),Car,$66.99,$0.00
280-1,GLASS VENT,Car,$32.99,$0.00
280-2,GLASS VENT ASSEMBLY,Car,$45.99,$0.00
275-2,GLASS WINDOW SLIDNG-PU/VA,Pick-Up/Van,$63.99,$0.00
270,GLASS WINDSHIELD,Car,$71.99,$0.00
206-1,GLOVE BOX DOOR,Car,$21.99,$0.00
206-2,GLOVE BOX INSERT,Car,$9.49,$0.00
206-3,GLOVE BOX LOCK,Car,$6.49,$0.00
643,GLOW PLUG,Car,$6.49,$0.00
104-3,GRAVEL SHIELD - VALANCE,Car,$43.99,$0.00
104-2,GRILL METAL,Car,$45.99,$1.99
104-1,GRILL PLASTIC,Car,$39.99,$0.00
309,HARMONIC BALANCER,Car,$44.99,$0.99
172,HATCH OR HOOD SHOCK,Car,$16.99,$0.00
275-3,HATCH W/GLASS (CAR TYPE),Car,$99.99,$4.99
306-7,HEAD BOLT OR OTHER,Car,$2.19,$0.00
200-6,HEAD REST,Car,$16.99,$0.00
306-1,HEAD W/ CAM,Car,$101.99,$9.99
306-2,HEAD W/O CAM,Car,$72.99,$9.99
224,HEAD-LINER,Car,$36.99,$0.00
102-1,HEADER PANEL BARE,Car,$66.99,$2.99
102-2,HEADER PANEL BARE FIBERGLAS,Car,$105.99,$2.99
102-3,HEADER PANEL COMP(MTL/GL),Car,$142.99,$2.99
114-3,HEADLIGHT ASSY,Car,$40.99,$0.00
114-1,HEADLIGHT ASSY (SINGLE),Car,$28.99,$0.00
630-1,HEADLIGHT BUCKET OR RING,Car,$6.49,$0.00
114-2A,HEADLIGHT COMP,Car,$44.99,$0.00
630-2,HEADLIGHT DOOR (EA),Car,$21.99,$0.00
619,HEADLIGHT MOTOR,Car,$46.99,$0.99
685-1,HEATER AIR DUCT,Car,$14.99,$0.00
677,HEATER ASSEMBLY COMPLETE,Car,$86.99,$0.00
655-1,HEATER CONTRL PANEL(ELEC),Car,$46.99,$0.00
655-3,HEATER CONTROL CABLE,Car,$8.99,$0.00
655-2,HEATER CONTROL PANEL(MAN),Car,$31.99,$0.00
685-2,HEATER CONTROL VALVE,Car,$15.99,$0.00
676,HEATER CORE,Car,$29.99,$4.99
685-3,HEATER HOSE (PER FOOT),Car,$4.09,$0.00
678-1,HEATER HOUSING,Car,$34.99,$0.00
615,HEATER MOTOR,Car,$33.99,$1.99
615-1,HEATER MOTOR AND FAN,Car,$39.99,$1.99
118,HOOD HINGE (EACH),Car,$21.99,$0.00
181-1,HOOD LATCH ASSEMBLY,Car,$21.99,$0.00
117-3,HOOD PROP ROD,Car,$6.49,$0.00
117-1,HOOD RELEASE CABLE,Car,$23.99,$0.00
117-2,HOOD SCOOP BOLT ON,Car,$25.99,$0.00
117,HOOD W/OUT HINGES,Car,$77.99,$8.99
613,HORN,Car,$9.49,$0.00
538-1,HUB,Car,$27.99,$0.99
537,HUB LOCKING TYPE 4X4 PU/VAN,Pick-Up/Van,$59.99,$1.99
538-2,HUB W/SPINDLE FWD,Car,$48.99,$3.99
609,IDLE SPEED MOTOR OR VALVE,Car,$44.99,$0.00
510,IDLER ARM,Car,$28.99,$0.99
371-2,INJECTOR RAIL(NO INJECTORS),Car,$21.99,$0.00
500-4,INNER STRUCTURE NO SUSP,Car,$115.99,$0.00
255-1,INSTR CLUSTER CIRCUIT BRD,Car,$28.99,$0.00
255-2,INSTRUMENT CLUSTER ASSY,Car,$61.99,$0.00
254,INSTRUMENT CLUSTER COVER,Car,$21.99,$0.00
200-7,INT ENGINE COVER (INSIDE),Car,$43.99,$0.00
674,INTERCOOLER,Car,$86.99,$9.99
701-1,JACK (BUMPER OR FRAME),Car,$8.99,$0.00
701-2,JACK (HYDRAULIC TYPE),Car,$16.99,$0.00
702,JUMPER CABLES,Car,$12.99,$0.00
201,KICK PANEL,Car,$23.99,$0.00
140,LADDER,Pick-Up/Van,$23.99,$0.00
175-1,LICENSE PLATE BRACKT ASSY,Car,$12.99,$0.00
175-2,LICENSE PLATE FRAME,Car,$5.49,$0.00
180-4,LIFT GATE ASSEMBLY,Pick-Up/Van,$91.99,$3.99
200-8,LIGHTER SOCKET,Car,$3.89,$0.00
181-2,LOCK (CYLINDER TYPE),Car,$14.99,$0.00
181-5,LOCK SOLENOID,Car,$25.99,$0.00
169-1,LOUVERS EACH,Car,$28.99,$0.00
638-3,LRG MULTIFUNCT DISPLAY,Car,$59.99,$0.00
703,LUG WRENCH,Car,$6.49,$0.00
704,LUG-NUT,Car,$2.39,$0.00
148,LUGGAGE RACK,Car,$46.99,$0.00
148-1,LUMBER OR PIPE RACK,Car,$82.99,$0.00
327-1,MANIFOLD EXHAUST,Car,$54.99,$3.99
329-1,MANIFOLD INTAKE,Car,$42.99,$3.99
128-1,MIRROR-DOOR OUTSIDE,Car,$29.99,$0.00
128-3,MIRROR-DOOR OUTSIDE(ELEC),Car,$45.99,$0.00
267,MIRROR-REAR VIEW TYPE,Car,$9.49,$0.00
267-2,MIRROR-REAR VIEW W/ELECTR,Car,$29.99,$0.00
300-5,MOTOR MOUNT,Car,$21.99,$0.00
113-1,MOULDING (PER FOOT),Car,$5.99,$0.00
111-2,MUD FLAP (EA),Car,$8.99,$0.00
333,MUFFLER,Car,$21.99,$0.00
328-3,MUFFLER & EXHST PIPE COMBO,Car,$48.99,$0.00
414,OIL COOLER,Car,$32.99,$3.99
319-6,OIL FILTER HOUSING,Car,$14.99,$0.00
311,OIL PAN,Car,$42.99,$0.00
312,OIL PUMP,Car,$31.99,$0.99
721,OWNERS MANUAL,Car,$5.99,$0.00
155-4P,P/U BED RUB RAILS,Pick-Up/Van,$16.99,$0.00
155-1A,P/U BED W/O GATE,Pick-Up/Van,$211.99,$39.99
154-1,P/U CAB WITHOUT DOORS,Pick-Up/Van,$492.99,$29.99
116-1A,PARK/TURNLIGHT ASSY,Car,$21.99,$0.00
116-2A,PARKLIGHT LENS,Car,$13.99,$0.00
204-1,PEDAL (BRAKE/CLUTCH),Car,$21.99,$0.00
204-2,PEDAL BRAKE/CLUTCH ASSY,Car,$40.99,$0.00
234-1,PEDAL GAS,Car,$11.99,$0.00
798,PICK-N-PULL BUCKET,Car,$7.99,$0.00
705,PICK-N-PULL LICENSE PLATE FRAM,Car,$3.89,$0.00
304,PISTON AND ROD,Car,$43.99,$2.99
525-2,PITMAN ARM,Car,$23.99,$0.00
646-4,POWER CONTROL W/FUSEBOX,Car,$69.99,$0.00
555,POWER STEERING HOSE(PRESR),Car,$17.99,$0.00
550-1,POWER STEERING HOSE-RETURN,Car,$5.99,$0.00
553,POWER STEERING PUMP (ALL),Car,$47.99,$4.99
550-2,POWER STEERING RAM,Car,$59.99,$4.99
553-1,POWER STEERING RESERVOIR,Car,$21.99,$0.00
600-5A,POWER VOLTAGE INVERTER,Car,$71.99,$4.99
310-1A,PULLEY BARE,Car,$16.99,$0.00
310-2,PULLEY W/ TENSION ARM,Car,$44.99,$0.00
336-2,PULSE AIR FEEDER(CHRYS TYP),Car,$61.99,$0.00
313,PUSH ROD,Car,$6.49,$0.00
160,QUARTER PANEL,Car,$188.99,$8.99
161,QUARTER PANEL EXTENSION,Car,$39.99,$0.99
160-1,QUARTER PANEL SECTION,Car,$114.99,$4.99
160-2,QUARTER TRIM PANEL,Car,$28.99,$0.00
551-1,RACK&PINION STEERING,Car,$62.99,$9.99
675P,RADIATOR (W/O SHRD) TRUCK,Pick-Up/Van,$82.99,$10.99
675,RADIATOR (W/O SHROUD),Car,$76.99,$9.99
675-1,RADIATOR HOSE,Car,$5.99,$0.00
675-2,RADIATOR OVER FLOW BOTTLE,Car,$16.99,$0.00
638-1A,RADIO,Car,$44.99,$0.00
148-5,RAIN VISOR - SIDE,Car,$12.99,$0.00
435-3,REAR DEAD AXLE,Car,$131.99,$9.99
440,REAR END CARRIER ASSEMBLY,Car,$97.99,$7.99
441-1,REAR END CVR-MAY BE PUNCTUR,Car,$15.99,$0.00
443,REAR END DROPOUT 3RD MEMBER,Car,$111.99,$4.99
437,REAR END HOUSING-CAR OR TRK,Car,$83.99,$5.99
449-1,REAR END SPIDER GEAR (EA),Car,$27.99,$0.99
435-2,REAR END W/ DRUMS,Car,$220.99,$14.99
435-1,REAR END W/O DRUMS,Car,$188.99,$14.99
444,REAR END(DISC BRK TYP COMP),Car,$240.99,$24.99
475-1,REAR KNEE ASSY FWD W/O AX,Car,$75.99,$4.99
614-1,RELAY,Car,$9.99,$0.00
445-1,RING OR PINION GEAR,Car,$68.99,$2.99
307-1,ROCKER ARM,Car,$5.99,$0.00
307-2,ROCKER ARM ASSEMBLY,Car,$42.99,$0.00
122,RUNNING BOARD,Car,$32.99,$0.00
210-1,SEAT BELT - PER PERSON,Car,$23.99,$0.00
210-2,SEAT BELT ELEC(AUTOMTC)EA,Car,$52.99,$0.00
210-4,SEAT BELT LOCK/LATCH/END,Car,$14.99,$0.00
210-3,SEAT BELT RETRACTOR TYPE,Car,$29.99,$0.00
232-1,SEAT COVER,Car,$9.99,$0.00
203-3,SEAT MOTOR,Car,$32.99,$0.99
232-2,SEAT PEDESTAL (EACH),Car,$18.99,$0.00
203-2,SEAT TRACK ELEC W/MOTOR (EA),Car,$45.99,$0.00
203-1,SEAT TRACKS (EACH SEAT),Car,$21.99,$0.00
202-3,Seat w/Airbag,Car,$109.99,$0.00
215-1,SEAT-BENCH W/TRK,Car,$77.99,$0.00
202-1,SEAT-BUCK(EA)W/TRK (MAN),Car,$56.99,$0.00
202-2,SEAT-BUCK(EA)W/TRK (PWR),Car,$69.99,$0.00
215-3,SEAT-REAR (EA),Car,$32.99,$0.00
626-1,SENDER (OIL OR WATER),Car,$8.99,$0.00
336-1,SENSOR - MASS AIR FLOW,Car,$64.99,$2.99
627-1,SENSOR MISC,Car,$18.99,$0.00
526-1,SHOCK ABSORBER,Car,$28.99,$0.00
168,SIDELIGHT LENS,Car,$9.99,$0.00
245,SILL PLATE,Car,$14.99,$0.00
343-4,SMOG CANISTER,Car,$32.99,$0.00
343-1,SMOG HOSE (EACH),Car,$5.99,$0.00
341,SMOG PUMP-BARE(NO BRCKTS),Car,$40.99,$4.99
343-3,SMOG VALVE (PCV),Car,$5.99,$0.00
343-2,SMOG VALVE(ANTIBCKFR/GULP),Car,$27.99,$0.00
566-2,SPARE TIRE CARRIER,Car,$29.99,$0.00
566-1,SPARE TIRE COVER,Car,$9.99,$0.00
690-1,SPARK PLUG OR WIRE (EA),Car,$3.89,$0.00
661-1A,SPEAKER EACH,Car,$14.99,$0.00
661-2,SPEAKER GRILLE,Car,$5.99,$0.00
257-1,SPEEDOMETER CABLE,Car,$18.99,$0.00
257,SPEEDOMETER OR TACHOMETER,Car,$27.99,$0.00
515,SPINDLE,Car,$45.99,$1.99
169,SPOILERS - BOLT ON (EA),Car,$42.99,$0.00
518,SPRING / CLOCK,Car,$42.99,$0.00
517,SPRING / COIL TYPE,Car,$32.99,$2.99
516,SPRING / LEAF TYPE,Car,$52.99,$4.99
604,STARTER,Car,$34.99,$9.99
605,STARTER SOLENOID,Car,$11.99,$0.99
551,STEERING BOX W/PITMAN ARM,Car,$61.99,$9.99
238-1,STEERING COLUMN,Car,$64.99,$4.99
238-5,STEERING COLUMN W/ABAG,Car,$102.99,$4.99
238-3,STEERING COUPLER,Car,$18.99,$0.00
238-4,STEERING SECTOR SHAFT,Car,$21.99,$0.00
235-1,STEERING WHEEL,Car,$29.99,$0.00
235-2,STEERING WHEEL HORN RING,Car,$14.99,$0.00
495-1,STRUT MCPHER ASSY W/O SPIN,Car,$47.99,$3.99
495-2,STRUT MCPHER ASSY W/SPINDL,Car,$52.99,$2.99
495-3,STRUT MCPHER W/SPDL/HUB/RTR,Car,$77.99,$4.99
153,SUN ROOF ASSY,Car,$73.99,$0.00
153-2,SUN ROOF MOTOR,Car,$46.99,$1.99
205-1,SUN VISOR,Car,$16.99,$0.00
322,SUPERCHARGER,Car,$114.99,$19.99
524,SWAY BAR,Car,$46.99,$1.99
629-1,SWITCH HEADLIGHT/WIPER,Car,$21.99,$0.00
633-1,SWITCH IGNITION,Car,$21.99,$0.00
629-4A,SWITCH MISC,Car,$16.99,$0.00
641-2,SWITCH POWER WINDOW(MULTI),Car,$21.99,$0.00
641-1,SWITCH POWER WINDOW(SINGLE),Car,$15.99,$0.00
641-3,SWITCH SEAT (POWER),Car,$14.99,$0.00
629-2,SWITCH TURN SIGNAL,Car,$21.99,$0.00
629-3,SWITCH TURN SIGNAL HOUSING,Car,$21.99,$0.00
288,T-TOP (EACH),Car,$84.99,$0.00
166-2A,TAILLIGHT ASSY,Car,$40.99,$0.00
167,TAILLIGHT BULB PANEL,Car,$17.99,$0.00
166-1A,TAILLIGHT LENS,Car,$17.99,$0.00
750,TEE SHIRT,Car,$9.49,$0.00
686-2,THERMOSTAT,Car,$3.89,$0.00
686-1,THERMOSTAT HOUSING,Car,$8.99,$0.00
415-1,THROW OUT BEARING,Car,$18.99,$0.00
415-2,THROW OUT FORK,Car,$31.99,$0.00
503-2,TIE ROD ASSY (EACH),Car,$27.99,$0.00
503-1,TIE ROD END,Car,$15.99,$0.00
315,TIMING CHAIN,Car,$18.99,$0.00
316,TIMING GEAR,Car,$18.99,$0.00
308,TIMING GEAR COVER (ALL),Car,$27.99,$0.00
585-10,"TIRE (RACKED) Up To 19""",Car,$29.99,$0.00
585-1,TIRE (YARD),Car,$20.99,$0.00
755-1,TIRE CHAINS (CABLE),Car,$16.99,$0.00
755,TIRE CHAINS (NON CABLE),Car,$15.99,$0.00
585-7,TIRE INFLATABLE SPARE,Car,$16.99,$0.00
707,TOOL BOXES /P.U.,Pick-Up/Van,$111.99,$0.00
152,TOP STEEL - ROOF CUT,Car,$127.99,$5.99
365-1,TOP-CONVERTIBLE (NO RAMS),Car,$204.99,$0.00
634,TOP-CONVERTIBLE MOTOR,Car,$96.99,$4.99
365-2,TOP-CONVERTIBLE RAMS EA,Car,$58.99,$0.00
407,TORQUE CONVERTER,Car,$45.99,$4.99
521,TORSION BAR,Car,$36.99,$0.00
142-1,TRAILER HITCH BALL,Car,$8.99,$0.00
142-2,TRAILER HITCH W/O BALL,Car,$42.99,$0.00
507-1,TRAILING ARM,Car,$36.99,$0.00
347-1,TRAN CROS MEMBER,Car,$36.99,$0.99
405-5,TRANS COOLING LINES (EA),Car,$12.99,$0.00
405-3,TRANS DIPSTICK,Car,$9.99,$0.00
405-4,TRANS FILLER TUBE,Car,$9.99,$0.00
242-1,TRANS FLOOR SHIFTER,Car,$42.99,$0.00
420,TRANS FLOOR SHIFTER CABLE,Car,$36.99,$0.00
405-6,TRANS KICK-DOWN LINKAGE,Car,$16.99,$0.00
402-1,TRANS MOUNT,Car,$21.99,$0.00
242-2,TRANS SHIFTER ARM,Car,$11.49,$0.00
242-3,TRANS SHIFTER BOOT,Car,$9.49,$0.00
242-4,TRANS SHIFTER COLLAR-CLMN,Car,$23.99,$0.00
242-5,TRANS SHIFTER CONSOLE,Car,$17.99,$0.00
242-6,TRANS SHIFTER KNOB,Car,$6.99,$0.00
405-2,TRANS TAIL HOUSING,Car,$42.99,$1.99
405-1,TRANS VALVE BODY ASSEMBLY,Car,$77.99,$4.99
624,TRANSDUCER(CRUISE CONTROL),Car,$37.99,$0.99
412,TRANSFER CASE 4X4,Car,$223.99,$14.99
412-1,TRANSFER CASE MOTOR,Car,$42.99,$0.00
425,TRANSMISSION COVER/SHIELD,Car,$21.99,$0.00
400-5,TRANSMISSION PUMP,Car,$129.99,$0.00
405-7,TRANSMISSION SOLENOID PACK,Car,$31.99,$1.99
400-2,TRANSMISSION/TRANSAXLE (AUTO),Car,$254.99,$29.99
400-1,TRANSMISSION/TRANSAXLE (STD),Car,$254.99,$29.99
321,TURBOCHARGER,Car,$104.99,$9.99
512-1,U-BOLT,Car,$5.99,$0.00
512-2,U-BOLT PLATE,Car,$15.99,$0.00
340,VACUUM LINE (PER FOOT),Car,$4.49,$0.00
372,VACUUM PUMP,Car,$46.99,$2.99
350-2,VALVE COVER ALUMINUM,Car,$28.99,$3.99
350-1,VALVE COVER/PAN (STEEL),Car,$15.99,$0.00
155-5,VAN DIVIDER,Pick-Up/Van,$44.99,$0.00
123,VENT PANEL (COWL) UNBOLT,Car,$40.99,$0.00
207,VENT-A/C HEATER (INSIDE),Car,$9.49,$0.00
602,VOLTAGE REGULATOR,Car,$16.99,$0.00
324,WATER PUMP,Car,$25.99,$1.99
144,WEATHERSTRIP (PER FOOT),Car,$5.99,$0.00
560-5,WHEEL & TIRE CUSTOM SET 2,Car,$211.99,$0.00
560-6,WHEEL & TIRE CUSTOM SET 4,Car,$362.99,$0.00
560-4,WHEEL ALUMINUM,Car,$35.99,$14.99
560-1,WHEEL-STEEL,Car,$24.99,$0.99
617,WINDOW MOTOR,Car,$44.99,$0.99
125-2,WINDOW REGULATOR W/MOTOR,Car,$48.99,$2.99
125-1,WINDOW REGULATOR W/O MOTOR,Car,$29.99,$0.00
113-3,WINDSHIELD RUBBER,Car,$17.99,$0.00
708,WINDSHIELD WASHER FLUID,Car,$3.89,$0.00
622-1,WINDSHIELD WASHER-BTL W/MTR,Car,$16.99,$0.00
621-1,WINDSHIELD WIPER ARMS EA,Car,$8.99,$0.00
621-2,WINDSHIELD WIPER LINKG ASSY,Car,$21.99,$0.00
620,WINDSHIELD WIPER MOTOR,Car,$42.99,$0.99
621-3,WIPER BLADES,Car,$3.99,$0.00
650A,WIRE HARNESS NO ACC,Car,$46.99,$0.00
648,WIRE PIGTAIL,Car,$5.99,$0.00
709,WORK GLOVES,Car,$5.99,$0.00
442-1,YOKE,Car,$14.49,$0.00
